Name,Mean,MeanLB,MeanUB,Stddev,StddevLB,StddevUB
ray trace/spheres=1; lights=0,1.5877805747251703e-2,1.5287946368776275e-2,1.667400614482774e-2,1.7738388991138559e-3,1.1673517757907802e-3,2.2113930470232137e-3
ray trace/spheres=1; lights=1,4.1261168419469384e-2,3.997685431990227e-2,4.44931318475968e-2,4.08514262516737e-3,2.698270918468456e-3,6.190775752206725e-3
ray trace/spheres=1; lights=2,6.585179748261823e-2,6.332769394726458e-2,6.974316862258946e-2,5.647641470598392e-3,3.987934754932864e-3,7.525540083215153e-3
